<?xml version="1.0" encoding="UTF-8"?>
<project-private xmlns="http://www.netbeans.org/ns/project-private/1">
    <editor-bookmarks xmlns="http://www.netbeans.org/ns/editor-bookmarks/2" lastBookmarkId="0"/>
    <open-files xmlns="http://www.netbeans.org/ns/projectui-open-files/2">
        <group>
            <file>file:/C:/Users/HP/OneDrive/Documents/GitHub/PRJ301/Workshop1_PRJ/src/java/dao/IDAO.java</file>
            <file>file:/C:/Users/HP/OneDrive/Documents/GitHub/PRJ301/Workshop1_PRJ/web/project.jsp</file>
            <file>file:/C:/Users/HP/OneDrive/Documents/GitHub/PRJ301/Workshop1_PRJ/web/update.jsp</file>
            <file>file:/C:/Users/HP/OneDrive/Documents/GitHub/PRJ301/Workshop1_PRJ/src/java/dao/ProjectDAO.java</file>
            <file>file:/C:/Users/HP/OneDrive/Documents/GitHub/PRJ301/Workshop1_PRJ/src/java/utils/DBUtils.java</file>
            <file>file:/C:/Users/HP/OneDrive/Documents/GitHub/PRJ301/Workshop1_PRJ/src/java/dao/DAO.java</file>
            <file>file:/C:/Users/HP/OneDrive/Documents/GitHub/PRJ301/Workshop1_PRJ/src/java/control/MainController.java</file>
            <file>file:/C:/Users/HP/OneDrive/Documents/GitHub/PRJ301/Workshop1_PRJ/web/welcome.jsp</file>
        </group>
    </open-files>
</project-private>
