<?xml version="1.0" encoding="UTF-8"?>
<project-private xmlns="http://www.netbeans.org/ns/project-private/1">
    <editor-bookmarks xmlns="http://www.netbeans.org/ns/editor-bookmarks/2" lastBookmarkId="0"/>
    <open-files xmlns="http://www.netbeans.org/ns/projectui-open-files/2">
        <group>
            <file>file:/C:/Users/HP/OneDrive/Documents/GitHub/PRJ301/workshop2_se182722_HuynhMinhTam/src/java/controller/MainController.java</file>
            <file>file:/C:/Users/HP/OneDrive/Documents/GitHub/PRJ301/workshop2_se182722_HuynhMinhTam/web/create.jsp</file>
            <file>file:/C:/Users/HP/OneDrive/Documents/GitHub/PRJ301/workshop2_se182722_HuynhMinhTam/src/java/dto/QuestionsDTO.java</file>
            <file>file:/C:/Users/HP/OneDrive/Documents/GitHub/PRJ301/workshop2_se182722_HuynhMinhTam/web/exams.jsp</file>
            <file>file:/C:/Users/HP/OneDrive/Documents/GitHub/PRJ301/workshop2_se182722_HuynhMinhTam/web/questioncss.css</file>
            <file>file:/C:/Users/HP/OneDrive/Documents/GitHub/PRJ301/workshop2_se182722_HuynhMinhTam/web/question.jsp</file>
        </group>
    </open-files>
</project-private>
